<?xml version="1.0" encoding="UTF-8" ?>
<!DOCTYPE mapper
  PUBLIC "-//mybatis.org//DTD Mapper 3.0//EN"
  "http://mybatis.org/dtd/mybatis-3-mapper.dtd">
<mapper namespace="lab.mybatis.user.UserMapper">
  <select id="login" resultType="lab.spring.parking.model.UserVO" parameterType="hashmap">
    select * from usertable where useremail=#{uemail} and userpwd=#{upwd}
  </select>
  <insert id="addUser" parameterType="lab.spring.parking.model.UserVO">
    insert into usertable (useremail, username, userpwd) values (#{useremail},#{username},#{userpwd})
  </insert>
  <delete id="removeUser" parameterType="lab.spring.parking.model.UserVO">
    delete usertable where useremail=#{uemail}
  </delete>
  <select id="getUser" resultType="lab.spring.parking.model.UserVO" parameterType="string">
    select * from usertable where useremail=#{uemail}
  </select>
</mapper>